{"cameraMode":{"drawMode":0,"name":"Shaded","section":"Shading Mode"},"sceneLighting":true,"audioPlay":false,"sceneViewState":{"showFog":true,"showMaterialUpdate":true,"showSkybox":true,"showFlares":true,"showImageEffects":true,"showParticleSystems":true},"in2DMode":false,"pivot":{"x":43.613311767578128,"y":17.998062133789064,"z":-1.623049259185791},"rotation":{"x":-0.11819130927324295,"y":0.8173986077308655,"z":-0.1809130609035492,"w":-0.5340046286582947},"size":22.0,"orthographic":false}