{"cameraMode":{"drawMode":0,"name":"Shaded","section":"Shading Mode"},"sceneLighting":true,"audioPlay":false,"sceneViewState":{"showFog":true,"showMaterialUpdate":true,"showSkybox":true,"showFlares":true,"showImageEffects":true,"showParticleSystems":true},"in2DMode":false,"pivot":{"x":325.4476013183594,"y":13.285585403442383,"z":238.55728149414063},"rotation":{"x":-0.14126253128051759,"y":0.3529333174228668,"z":-0.05399542674422264,"w":-0.9233458042144775},"size":21.466854095458986,"orthographic":false}