{"cameraMode":{"drawMode":0,"name":"Shaded","section":"Shading Mode"},"sceneLighting":true,"audioPlay":false,"sceneViewState":{"showFog":true,"showMaterialUpdate":true,"showSkybox":true,"showFlares":true,"showImageEffects":true,"showParticleSystems":true},"in2DMode":false,"pivot":{"x":239.30819702148438,"y":6.9618120193481449,"z":207.0509033203125},"rotation":{"x":0.11933010071516037,"y":0.10699900984764099,"z":-0.012938026338815689,"w":0.9869874119758606},"size":29.938961029052736,"orthographic":false}