{"cameraMode":{"drawMode":0,"name":"Shaded","section":"Shading Mode"},"sceneLighting":true,"audioPlay":false,"sceneViewState":{"showFog":true,"showMaterialUpdate":true,"showSkybox":true,"showFlares":true,"showImageEffects":true,"showParticleSystems":true},"in2DMode":false,"pivot":{"x":243.56558227539063,"y":8.524513244628907,"z":169.41851806640626},"rotation":{"x":0.31221020221710207,"y":0.3718433678150177,"z":-0.13439595699310304,"w":0.8638258576393127},"size":29.938961029052736,"orthographic":false}